<?xml version="1.0" encoding="UTF-8"?>
<beans xmlns="http://www.springframework.org/schema/beans"
	xmlns:xsi="http://www.w3.org/2001/XMLSchema-instance"
	xsi:schemaLocation="http://www.springframework.org/schema/beans
						http://www.springframework.org/schema/beans/spring-beans-4.2.xsd">

	<!--Se indica cual es la fuente de datos de la aplicación, es decir donde está y que usuario y password -->
	<!--se va a conectar a la base de datos, es necesario modificarlo si se cambia de nmotor de base de datos-->
	<bean id="dataSource"
		  class="org.springframework.jdbc.datasource.DriverManagerDataSource">
		<property name="driverClassName" value="com.mysql.cj.jdbc.Driver" />
		<property name="url" value="jdbc:mysql://localhost:3306/dbprueba?serverTimezone=UTC" />
		<property name="username" value="root" />
		<property name="password" value="1234" />
	</bean>

	<!--Configuracion de la factory encargada de generar las sesiones con la base de datos, la misma -->
	<!--usa el data source configurado antes-->
	<bean id="sessionFactory"
		class="org.springframework.orm.hibernate5.LocalSessionFactoryBean">
		<property name="dataSource" ref="dataSource" />
		<!-- Properties -->
		<property name="hibernateProperties">
			<props>
				<prop key="hibernate.validator.apply_to_ddl">false</prop>
				<prop key="hibernate.validator.autoregister_listeners">false</prop>
				<!--Dialecto especifico del motor de base de datos utilizado-->
				<!--Hay que cambiarlo si se cambia de motor de base de datos-->
				<prop key="hibernate.dialect">org.hibernate.dialect.MySQL8Dialect</prop>
				<!--Cambiar a true si se quiere ver por consola el codigo sql generado por hibernate-->
				<prop key="hibernate.show_sql">true</prop>
				<prop key="hibernate.format_sql">false</prop>
				<!--Para indicar si hibernate genera el modelo de datos al startup-->
				<!--create: lo crea siempre-->
				<!--update: aplica cambios realizados-->
				<!--none: no modifica nunca el esquema de datos-->
				<prop key="hibernate.hbm2ddl.auto">create-drop</prop>
			</props>
		</property>
		<!--Se configura qué paquetes debe escanear hibernate en busca de clases persistibles, es decir-->
		<!--clases anotadas como @Entity, es necesario hacer esto y no unicamente anotar como @Entity las-->
		<!--clases persistibles-->
		<property name="packagesToScan">
			<list>
				<value>ar.edu.unlam.tallerweb1.modelo</value>
			</list>
		</property>
	</bean>

	<!--Se declara el transaction manager de la aplicacion asociado con la db configurada antes-->
	<bean id="transactionManager"
		class="org.springframework.orm.hibernate5.HibernateTransactionManager">
		<property name="sessionFactory" ref="sessionFactory" />
	</bean>
</beans>